accuracy,precision_macro,recall_macro,f1_macro,mean_confidence,n,epoch,train_loss
0.7104046242774567,0.10148637489677952,0.14285714285714285,0.11866943465456477,0.743037223815918,3460,1,312.3708724975586
