accuracy,precision_macro,recall_macro,f1_macro,mean_confidence,n,epoch,train_loss
0.4910394265232975,0.12170606390564227,0.11529410511968652,0.11685585348964923,0.25183314085006714,2232,1,0.709620475769043
