accuracy,precision_macro,recall_macro,f1_macro,mean_confidence,n,epoch,train_loss
0.7647210743801653,0.5065358852450859,0.4476698820243998,0.42467771936441867,0.7783361673355103,15488,1,0.870412501005026
