rank,group,run_id,frame_index,time_ps,length,frame_dssp,contact_row_sum_mean,dist_row_mean_A,rg_A,end_to_end_A,mean_pair_dist_A,contact_density_8A,contact_density_12A,ca_dist_i_i5_mean_A,ca_dist_i_i10_mean_A,pseudo_dihedral_mean,pseudo_dihedral_std,dssp_position_score,dssp_composition_score,geometry_score,contact_score,total_score
1,Q46,Q46_main,24500,49000.0,46,SSIISSTTTSSSSSSSSSSSSSSSSSSSSSSSSSSSSSSSSSSSSS,5.956521739130435,16.359816756500862,12.92612077778208,38.76807593456802,16.723368210326655,0.1323671497584541,0.3062801932367149,12.688671946289745,17.43642541410601,-1.097637523058771,1.81932724344486,1.0,1.0,0.8597828519746811,0.7697105239559325,0.9489276227905294
2,Q46,Q46_v3,36500,365000.0,46,SSIISSTTTSSSSSSSSSSSSSSSSSSSSSSSSSSSSSSSSSSSSS,5.956521739130435,16.35936921350447,12.92797654513094,38.77698124535443,16.722910739938058,0.1323671497584541,0.3043478260869565,12.702092408923171,17.463934202571036,-1.0974079198062776,1.8384727413123425,1.0,1.0,0.8415059070000958,0.7697105239559325,0.9452722337956123
3,Q46,Q46_main,8500,17000.0,46,SSIISSTTTSSSSSSSSSSSSSSSSSSSSSSSSSSSSSSSSSSSSS,5.956521739130435,16.370447564215198,12.932469969507158,38.881350213102905,16.734235291839138,0.1323671497584541,0.3072463768115942,12.69905547961606,17.44984152241186,-1.0846224336468886,1.8212581528416487,1.0,1.0,0.8402239552100724,0.7697105239559325,0.9450158434376077
4,Q46,Q46_1000ns,88500,885000.0,46,SSIISSTTTSSSSSSSSSSSSSSSSSSSSSSSSSSSSSSSSSSSSS,5.956521739130435,16.36909158671511,12.93273893379573,38.867107423520224,16.73284917292183,0.1323671497584541,0.3072463768115942,12.683263619529848,17.467671079616245,-1.0910456899360426,1.8411833533533748,1.0,1.0,0.8283198782285813,0.7697105239559325,0.9426350280413096
5,Q46,Q46_v3,41500,415000.0,46,SSIISSTTTSSSSSSSSSSSSSSSSSSSSSSSSSSSSSSSSSSSSS,5.956521739130435,16.34472769307279,12.919284721567768,38.92194223487872,16.70794389265086,0.1323671497584541,0.3053140096618357,12.685335751165182,17.44598900934454,-1.0951023269242368,1.858149367304815,1.0,1.0,0.8184341968518226,0.7697105239559325,0.9406578917659578
